Activity ID,Activity Scenario,NCLI,SND,Nama Perusahaan,Regional,Witel,STO,ID Agent,Username Agent,Nama Agent,Survey Status,Leveraging Status,Leveraging Reason,Validation Status,Business Segment,Business Sector,Business Industry,Business Age,Employees Total,Marketing Media,Marketing Area,Monthly Turnover,Existing Product Digital Telkom,Existing Product Non-Telkom,Business Document Type,Business Document Number,Activity Status,Activity Reason,PIC Name,PIC Role,PIC Description,PIC CP 1,Extra Notes,Address,Province,District,Sub District,Village,Latitude,Longitude,Input Date,CEK WO AR MANUAL,
84118,collection,68919615,131427184669,HUHA SNACK,2,WITEL PRIANGAN TIMUR,TSM,1810,MN02041,Wahyu Mulyadi,,,,,,,,,,,,,,,,,Tidak Bertemu Pelanggan,Pelanggan Tidak Ditempat / Luar Kota,,,,,Pelanggan tidak ada di tempat,"M6WR+2R Sindangkasih, Kabupaten Ciamis, Jawa Barat, Indonesia",Jawa Barat,Kabupaten Ciamis,Kecamatan Sindangkasih,Sindangkasih,-7.3049169,108.2421097,7/4/2026,,notpaid
84140,collection,50293207,131427128447,SDN 3 KARANGSAMBUNG / SITI SUPIANAH SPD,2,WITEL PRIANGAN TIMUR,TSM,1810,MN02041,Wahyu Mulyadi,,,,,,,,,,,,,,,,,Bertemu Pelanggan,Terkendala Biaya,Siti Supianah,payment,Guru,,Terkendala pembayaran,"J7R8+2G Ciherang, Kabupaten Tasikmalaya, Jawa Barat, Indonesia",Jawa Barat,Kabupaten Tasikmalaya,Kecamatan Cibeureum,Ciherang,-7.3599551,108.2663558,7/6/2026,,notpaid
84175,collection,59392594,131428115245,WMS DEDE,2,WITEL PRIANGAN TIMUR,CMS,1612,MN01705,Fajar Ramdhani Ishak,,,,,,,,,,,,,,,,,Bertemu Pelanggan,Terkendala Biaya,Dede,payment,Pemilik,,Jb,"M983+R3 Ciamis, Kabupaten Ciamis, Jawa Barat, Indonesia",Jawa Barat,Kabupaten Ciamis,Kecamatan Ciamis,Ciamis,-7.3329546,108.3526518,7/6/2026,,notpaid
84176,collection,59392594,131428115245,WMS DEDE,2,WITEL PRIANGAN TIMUR,CMS,1612,MN01705,Fajar Ramdhani Ishak,,,,,,,,,,,,,,,,,Bertemu Pelanggan,Terkendala Biaya,Dede,payment,Pemilik,,Jb,"M983+R3 Ciamis, Kabupaten Ciamis, Jawa Barat, Indonesia",Jawa Barat,Kabupaten Ciamis,Kecamatan Ciamis,Ciamis,-7.3329495,108.352659,7/6/2026,,notpaid
84192,collection,40564895,131427159776,DISDUKCAPIL KOTA TASIKMALAYA / BAG SEKRETARIAT,2,WITEL PRIANGAN TIMUR,TSM,1810,MN02041,Wahyu Mulyadi,,,,,,,,,,,,,,,,,Bertemu Pelanggan,Janji Bayar,Didin,payment,Bendahara,,Menunggu pengajuan anggaran,"M6R3+X3 Cipedes, Kabupaten Tasikmalaya, Jawa Barat, Indonesia",Jawa Barat,Kabupaten Tasikmalaya,Kecamatan Cipedes,Cipedes,-7.3075594,108.2027108,7/7/2026,,notpaid
84313,collection,67943348,131427182660,TOKO MITRA SRC INDO,2,WITEL PRIANGAN TIMUR,TSM,1810,MN02041,Wahyu Mulyadi,,,,,,,,,,,,,,,,,Bertemu Pelanggan,Layanan Tidak Dipakai,Boi,management,Pemilik,,Internet sudah tidak di pakai,"J68V+MQ Tamanjaya, Kabupaten Tasikmalaya, Jawa Barat, Indonesia",Jawa Barat,Kabupaten Tasikmalaya,Kecamatan Tamansari,Tamanjaya,-7.3833558,108.2444539,7/9/2026,,notpaid
85070,collection,30280842,265312059,"SMKN 4 TASIKMALAYA /H.EDY SUGANDY,S.PD.MM.",2,WITEL PRIANGAN TIMUR,TSM,1810,MN02041,Wahyu Mulyadi,,,,,,,,,,,,,,,,,Bertemu Pelanggan,Layanan Tidak Dipakai,Sri Agustina,payment,Bendahara,,Mau konfirmasi dan management,"M793+XM Sukamenak, Kabupaten Tasikmalaya, Jawa Barat, Indonesia",Jawa Barat,Kabupaten Tasikmalaya,Kecamatan Purbaratu,Sukamenak,-7.3300721,108.2541961,7/20/2026,,notpaid
85078,collection,30811156,131427138588,"BPR ARTA SUKAPURA / HAPID WAHYUDIN, SE",2,WITEL PRIANGAN TIMUR,TSM,1810,MN02041,Wahyu Mulyadi,,,,,,,,,,,,,,,,,Tidak Bertemu Pelanggan,Surat Penagihan Diselipkan di Rumah Pelanggan,,,,,Tutup,"P622+P8 Indihiang, Kabupaten Tasikmalaya, Jawa Barat, Indonesia",Jawa Barat,Kabupaten Tasikmalaya,Kecamatan Indihiang,Indihiang,-7.2981429,108.2007642,7/20/2026,,notpaid
85102,collection,41465848,131427161800,PT. ANYAR RETAIL INDONESIA,2,WITEL PRIANGAN TIMUR,TSM,1810,MN02041,Wahyu Mulyadi,,,,,,,,,,,,,,,,,Bertemu Pelanggan,Layanan Tidak Dipakai,Risa,management,Svp,,Mau berhenti berlangganan ke Plasa Telkom,"M5PX+5V Sukamulya, Kabupaten Tasikmalaya, Jawa Barat, Indonesia",Jawa Barat,Kabupaten Tasikmalaya,Kecamatan Bungursari,Sukamulya,-7.3146061,108.1996692,7/20/2026,,notpaid
85511,collection,69077310,131427189154,PT QINI MART RITEL IDRISIYYAH,2,WITEL PRIANGAN TIMUR,TSM,1810,MN02041,Wahyu Mulyadi,,,,,,,,,,,,,,,,,Bertemu Pelanggan,Cabut,Adang Hidayat,management,Karyawan,,Sudah mengajukan berhenti berlangganan ke sales,"P5MP+HC Jatihurip, Kabupaten Tasikmalaya, Jawa Barat, Indonesia",Jawa Barat,Kabupaten Tasikmalaya,Kecamatan Cisayong,Jatihurip,-7.2660347,108.1861128,7/22/2026,,notpaid
85564,collection,69135062,131427190241,MINI ATM TOKO DEWI,2,WITEL PRIANGAN TIMUR,TSM,1810,MN02041,Wahyu Mulyadi,,,,,,,,,,,,,,,,,Bertemu Pelanggan,Janji Bayar,Rifan,payment,Pembayaran,,JB paling lambat tanggal,"H5GV+GR Leuwiliang, Kabupaten Tasikmalaya, Jawa Barat, Indonesia",Jawa Barat,Kabupaten Tasikmalaya,Kecamatan Kawalu,Leuwiliang,-7.423654,108.1945566,7/23/2026,,notpaid
85843,collection,69292763,131249103854,PT RAJAWALI PRISMA TEKNOLOGI,2,WITEL PRIANGAN TIMUR,JTB,2060,MN02312,Shokikah,,,,,,,,,,,,,,,,,Bertemu Pelanggan,PIC Sudah Ganti / Bukan PIC,Juli,,Satpam,,D lokasi engga ada nama pt ini,"H7QG+69 Legok, Kabupaten Indramayu, Jawa Barat, Indonesia",Jawa Barat,Kabupaten Indramayu,Kecamatan Lohbener,Legok,-6.41189,108.2759534,7/29/2026,,notpaid
86021,collection,66989968,131427185045,MUSYAFFA GROSIR MUKENA,2,WITEL PRIANGAN TIMUR,TSM,2670,MN02817,Agnes prawesti puspa lestari,,,,,,,,,,,,,,,,,Bertemu Pelanggan,Layanan Tidak Dipakai,Fitri,,Istri,,Suami nya sdg tidur jd hrus berkunjung lg d lain wktu,"J56M+GP Cibeuti, Kabupaten Tasikmalaya, Jawa Barat, Indonesia",Jawa Barat,Kabupaten Tasikmalaya,Kecamatan Kawalu,Cibeuti,-7.3887408,108.1842511,8/3/2026,,notpaid
86025,collection,65516720,131427176558,MUKENA MAHKOTA786,2,WITEL PRIANGAN TIMUR,TSM,2670,MN02817,Agnes prawesti puspa lestari,,,,,,,,,,,,,,,,,Bertemu Pelanggan,Bersedia Bayar di Tempat,Riza,,Owner,,Bersedja bayar,"J56M+4P Cibeuti, Kabupaten Tasikmalaya, Jawa Barat, Indonesia",Jawa Barat,Kabupaten Tasikmalaya,Kecamatan Kawalu,Cibeuti,-7.3897348,108.1843235,8/3/2026,,notpaid
86050,collection,69200578,131427191958,ANYAR KAMERA TASIK,2,WITEL PRIANGAN TIMUR,TSM,2676,MN02818,MERIN MERIANI,,,,,,,,,,,,,,,,,Bertemu Pelanggan,Terkendala Biaya,ilham,,owner,,plnggan bersedia bayar 1bln dan itu juga mau diusahakan,"J5VX+WH Sambongpari, Kabupaten Tasikmalaya, Jawa Barat, Indonesia",Jawa Barat,Kabupaten Tasikmalaya,Kecamatan Mangkubumi,Sambongpari,-7.35518,108.1989105,8/3/2026,,notpaid
86107,collection,67396836,131427180559,KONVEKSI SHOP,2,WITEL PRIANGAN TIMUR,TSM,2670,MN02817,Agnes prawesti puspa lestari,,,,,,,,,,,,,,,,,Tidak Bertemu Pelanggan,Pelanggan Tidak Ditempat / Luar Kota,,,,,Pelanggan tdk ada d rumah sdg bekerja,"J7GC+MV Gunajaya, Kabupaten Tasikmalaya, Jawa Barat, Indonesia",Jawa Barat,Kabupaten Tasikmalaya,Kecamatan Manonjaya,Gunajaya,-7.3732817,108.2721257,8/4/2026,,notpaid
,,,131428126339,Toko Mekarsari,2,WITEL PRIANGAN TIMUR,,,,Yayat,,,,,,,,,,,,,,,,,Contakted,,,,,,,,,,,,,,01/07/2026,,notpaid
,,,131441110437,tantri,2,WITEL PRIANGAN TIMUR,,,,santi,,,,,,,,,,,,,,,,,ybs pindah kompetitor,PDK,yg suka bayarin adiknya. Akan di sampaikan,,,,,,,,,,,,02/07/2026,,notpaid
,,,131428127538,SMK PGRI Ruang Digital 1,2,WITEL PRIANGAN TIMUR,,,,Yayat,,,,,,,,,,,,,,,,,contacted,blm byr,surat diterima  janji bayar nunggu Anggaran,,,,,,,,,,,,02/07/2026,,notpaid
,,,131428127346,SMK PGRI Ruang Studio 7,2,WITEL PRIANGAN TIMUR,,,,Yayat,,,,,,,,,,,,,,,,,contacted,blm Janji bayar,surat diterima  janji bayar nunggu Anggaran,,,,,,,,,,,,02/07/2026,,notpaid
,,,131428127346,SMK PGRI Ruang Digital 2,2,WITEL PRIANGAN TIMUR,,,,Yayat,,,,,,,,,,,,,,,,,contacted,blm/ Janji bayar,surat diterima  janji bayar nunggu Anggaran,,,,,,,,,,,,02/07/2026,,notpaid
,,,131428126323,Warung Barokah,2,WITEL PRIANGAN TIMUR,,,,Yayat,,,,,,,,,,,,,,,,,contacted,blm/ Janji bayar,surat diterima  janji bayar paling telat tgl. 5,,,,,,,,,,,,03/07/2026,,notpaid
,,,131429107626,palm coffee,2,WITEL PRIANGAN TIMUR,,,,sayus.s,,,,,,,,,,,,,,,,,contacted,cabut layanan,di sarankan ajukan cabut ke ktr..dan bayar tagihan serta membawa modemnya..,,,,,,,,,,,,03/07/2026,,notpaid
,,,0265741211,panca putra,2,WITEL PRIANGAN TIMUR,,,,sayus.s,,,,,,,,,,,,,,,,,contacted,janji byr,di terima karyawannya .di teruskan ke pemilik toko..,,,,,,,,,,,,03/07/2026,,notpaid
,,,131433100326,mi muhammadiyah cikokol/ahmad basir,2,WITEL PRIANGAN TIMUR,,,,sayus.s,,,,,,,,,,,,,,,,,contacted,blm byr,di terima ibunya ..sekolah libur ..diteruskan kepala sekolah lagi di luar kota..,,,,,,,,,,,,03/07/2026,,notpaid
,,,131429107482,poetra priangan saffety,2,WITEL PRIANGAN TIMUR,,,,sayus.,,,,,,,,,,,,,,,,,contacted,cabut layanan,sudah nggak pakai dari  juni ..suruh ke ktr ajuin cabut dan bawa modem serta pembayaran tunggakan.,,,,,,,,,,,,03/07/2026,,notpaid
,,,131428126768,Kedai Barokah,2,WITEL PRIANGAN TIMUR,,,,Yayat,,,,,,,,,,,,,,,,,contacted,blm/ Janji bayar,surat diterima  janji bayar mau pokus bayar warung barokah dulu.,,,,,,,,,,,,04/07/2026,,notpaid
,,,131428114852,Arip Munandar Ols,2,WITEL PRIANGAN TIMUR,,,,Yayat,,,,,,,,,,,,,,,,,contacted,blm/ Janji bayar,surat diterima  pegawainya maundi sampaikan keb ysb.,,,,,,,,,,,,04/07/2026,,notpaid
,,,131427128447,SDN 3 Karangsambung,2,WITEL PRIANGAN TIMUR,,,,Wahyu Mulyadi,,,,,,,,,,,,,,,,,belum bayar,Tagihan akan di sampaikan ke bendahara,,,,,,,,,,,,,06/07/2026,,notpaid
,,,131427159776,Disdukcapil Kota Tasikmalaya / Bag. Sekertariat,2,WITEL PRIANGAN TIMUR,,,,Wahyu Mulyadi,,,,,,,,,,,,,,,,,belum bayar,JB menunggu anggaran,,,,,,,,,,,,,07/07/2026,,notpaid
,,,131431126292,dadang,2,WITEL PRIANGAN TIMUR,,,,Ida Herlina,,,,,,,,,,,,,,,,,JB,contacted,Mau ke kantor plasa,,,,,,,,,,,,09/07/2026,,notpaid
,,,131431126002,Teh Anis,2,WITEL PRIANGAN TIMUR,,,,Ida Herlina,,,,,,,,,,,,,,,,,JB,,mau cabut layanan JB bayar tgl 15 bulan ini,,,,,,,,,,,,09/07/2026,,notpaid
,,,131432108453,Ridwan,2,WITEL PRIANGAN TIMUR,,,,Ida Herlina,,,,,,,,,,,,,,,,,rukos,,belum bayar tidak ada orang di rumah,,,,,,,,,,,,09/07/2026,,notpaid
,,,131427178852,Angga,2,WITEL PRIANGAN TIMUR,,,,TATANG,,,,,,,,,,,,,,,,,Contacted,Bukan YBS,"Surat tagihan dititipkan di anaknya, orang tua sedang bekerja",,,,,,,,,,,,09/07/2026,,notpaid
,,,700100073348,Ibu Regina,2,WITEL PRIANGAN TIMUR,,,,TATANG,,,,,,,,,,,,,,,,,Contacted,Bukan YBS,Surat tagihan dititipkan dikaryawan utk disampaikan ke owner,,,,,,,,,,,,09/07/2026,,
,,,0265333148,Ibu Ipah,2,WITEL PRIANGAN TIMUR,,,,TATANG,,,,,,,,,,,,,,,,,Contacted,Bukan YBS,Surat tagihan akan disampaikan ke bendahara,,,,,,,,,,,,09/07/2026,,
,,,131427150822,Ibu Feni,2,WITEL PRIANGAN TIMUR,,,,TATANG,,,,,,,,,,,,,,,,,Contacted,JB,"Akan bayar secepatnya, kelupaan karena libur sekolah",,,,,,,,,,,,09/07/2026,,
,,,131427166985,Ibu Irma,2,WITEL PRIANGAN TIMUR,,,,TATANG,,,,,,,,,,,,,,,,,Contacted,Bukan YBS,Surat tagihan akan disampaikan ke bendahara ibu siti,,,,,,,,,,,,09/07/2026,,
,,,131232144677,,2,WITEL PRIANGAN TIMUR,,,,NOVI,,,,,,,,,,,,,,,,,Contacted,Bukan YBS,"bertemu dengan pegawai, surat tagihan sudah dititipkan",,,,,,,,,,,,09/07/2026,,
,,,131232138661,,2,WITEL PRIANGAN TIMUR,,,,NOVI,,,,,,,,,,,,,,,,,Contacted,Bukan YBS,"toko sudah tutup mau ganti usaha yang lain, untuk tagihan sudah dititipkan ke pegawai",,,,,,,,,,,,09/07/2026,,
,,,131232102203,,2,WITEL PRIANGAN TIMUR,,,,Novi,,,,,,,,,,,,,,,,,CONTACTED,bukan YBS,"bertemu satpam, surat tagihan sudah dititipkan",,,,,,,,,,,,09/07/2026,,
,,,131232131399,,2,WITEL PRIANGAN TIMUR,,,,NOVI,,,,,,,,,,,,,,,,,Contacted,Bukan YBS,"cafe sudah tutup beberapa bulan yg lalu, untuk tagihan sudah dititipkan ke pegawai",,,,,,,,,,,,09/07/2026,,
,,,131232122866,,2,WITEL PRIANGAN TIMUR,,,,Novi,,,,,,,,,,,,,,,,,UnCONTACTED,ruko tutup,"ruko tutup, akan difollow up melalui WA",,,,,,,,,,,,09/07/2026,,
,,,131441101345,wida,2,WITEL PRIANGAN TIMUR,,,,santi,,,,,,,,,,,,,,,,,tidak bertemu info tetangga ybs belum buka.,jb,dihubungi via telpon ybs menunggu transferan dari suami akan bayar,,,,,,,,,,,,10/07/2026,,
,,,131232156269,Retno,2,WITEL PRIANGAN TIMUR,,,,NOVI,,,,,,,,,,,,,,,,,Contacted,JB,"bertemu dengan pegawai, tagihan dibayarkan",,,,,,,,,,,,10/07/2026,,
,,,131232159557,Retno,2,WITEL PRIANGAN TIMUR,,,,NOVI,,,,,,,,,,,,,,,,,Contacted,JB,"bertemu dengan pegawai, tagihan dibayarkan",,,,,,,,,,,,10/07/2026,,
,,,131232185046,,2,WITEL PRIANGAN TIMUR,,,,NOVI,,,,,,,,,,,,,,,,,Contacted,Bukan YBS,"bertemu dengan pegawai, surat tagihan sudah dititipkan",,,,,,,,,,,,10/07/2026,,
,,,131232112136,,2,WITEL PRIANGAN TIMUR,,,,Novi,,,,,,,,,,,,,,,,,CONTACTED,bukan YBS,"bertemu dengan guru, akan dikonfirmasi ke bendahara",,,,,,,,,,,,10/07/2026,,
,,,02318800752,,2,WITEL PRIANGAN TIMUR,,,,NOVI,,,,,,,,,,,,,,,,,Contacted,Bukan YBS,"bertemu dengan pegawai, surat tagihan sudah dititipkan",,,,,,,,,,,,10/07/2026,,
,,,131441105182,,2,WITEL PRIANGAN TIMUR,,,,santi,,,,,,,,,,,,,,,,,ybs mau musy dulu,kemahalan,usaha sepi ybs merasa berat bayar wifi. Ditawari downgrade,,,,,,,,,,,,10/07/2026,,
,,,131441107415,tuti,2,WITEL PRIANGAN TIMUR,,,,santi,,,,,,,,,,,,,,,,,ybs merasa sudah isolir via sales ripan. Ybs keberatan harus bayar lagi,PDK,ybs bisnis wifi juga,,,,,,,,,,,,10/07/2026,,
,,,131427183515,Bapak Ardi,2,WITEL PRIANGAN TIMUR,,,,TATANG,,,,,,,,,,,,,,,,,Contacted,JB,Akan bayar setelah dana Bos cair,,,,,,,,,,,,10/07/2026,,
,,,02653162144,-,2,WITEL PRIANGAN TIMUR,,,,,,,,,,,,,,,,,,,,,Contacted,Bukan YBS,"Surat tagihan dititipkan di guru yang sedang piket, surat tagihan akan disampaikan ke bendahara hari senin pada saat sekolah masuk",,,,,,,,,,,,10/07/2026,,
,,,131427169776,-,2,WITEL PRIANGAN TIMUR,,,,TATANG,,,,,,,,,,,,,,,,,Contacted,Bukan YBS,"Surat tagihan dititipkan di guru yang sedang piket, surat tagihan akan disampaikan ke bendahara hari senin pada saat sekolah masuk",,,,,,,,,,,,10/07/2026,,
,,,131427185305,Adi,2,WITEL PRIANGAN TIMUR,,,,TATANG,,,,,,,,,,,,,,,,,Contacted,Bukan YBS,Surat tagihan dititipkan dipegawai untuk disampaikan ke owner,,,,,,,,,,,,10/07/2026,,
,,,131427185771,Hendrik,2,WITEL PRIANGAN TIMUR,,,,TATANG,,,,,,,,,,,,,,,,,Contacted,PDA,"Layanan sudsh tidak dipake akan dilakukan pemutusan ke kantor Telkom, karena sudah pindah ke Indihome",,,,,,,,,,,,10/07/2026,,
,,,131441107802,redi,2,WITEL PRIANGAN TIMUR,,,,santi,,,,,,,,,,,,,,,,,wifi dipasang dikantor desa ybs pindah kompetitor ke metro,PDK,usaha ritel wifi,,,,,,,,,,,,10/07/2026,,
,,,131441106873,,2,WITEL PRIANGAN TIMUR,,,,santi,,,,,,,,,,,,,,,,,,,,,,,,,,,,,,,10/07/2026,,
,,,131441106477,,2,WITEL PRIANGAN TIMUR,,,,,,,,,,,,,,,,,,,,,,,satu orang yg sama. Info tagihan sudah disampaikan,,,,,,,,,,,,10/07/2026,,
,,,131441106746,,2,WITEL PRIANGAN TIMUR,,,,,,,,,,,,,,,,,,,,,,,,,,,,,,,,,,,10/07/2026,,
,,,131441106993,redi,2,WITEL PRIANGAN TIMUR,,,,santi,,,,,,,,,,,,,,,,,,PDK,info tagihan sudah disampaikan dan sudah di edukasi cabut resmi / isolir,,,,,,,,,,,,10/07/2026,,
,,,131431125369,,2,WITEL PRIANGAN TIMUR,,,,santi,,,,,,,,,,,,,,,,,,alamat tidak ketemu,bertanya ke sekitar tidak ada usaha yg bernama tersebut,,,,,,,,,,,,13/07/2026,,
,,,131431126618,,2,WITEL PRIANGAN TIMUR,,,,santi,,,,,,,,,,,,,,,,,petunjuk arah alamat ybs ngabelewing,,tidak ketemu,,,,,,,,,,,,13/07/2026,,
,,,131432106070,Randi,2,WITEL PRIANGAN TIMUR,,,,Ida Herlina,,,,,,,,,,,,,,,,,JB,contacted,sebelumnya sudah pernah di visit tapi tidak berhasil bayar,,,,,,,,,,,,14/07/2026,,
,,,131441106749,ridwan,2,WITEL PRIANGAN TIMUR,,,,santi,,,,,,,,,,,,,,,,,ybs merasa sudah mengajukam isolir ke sales pak ripan,kendala uang,keberatan bayar,,,,,,,,,,,,14/07/2026,,
,,,131441122055,udan,2,WITEL PRIANGAN TIMUR,,,,santi,,,,,,,,,,,,,,,,,ybs berada di purwakarta jemput anak sekolah,GGN,Ybs minta perbaikan. Sudah lama wifi los merah sudah lapor belum ada perbaikan. Akan bayar jika di perbaiki,,,,,,,,,,,,14/07/2026,,
,,,131441110024,,2,WITEL PRIANGAN TIMUR,,,,santi,,,,,,,,,,,,,,,,,tidak bertemu,jb,dihub via telpon ybs berada d luar dan akan bayar nantu,,,,,,,,,,,,14/07/2026,,
,,,131441120669,pak ihsan,2,WITEL PRIANGAN TIMUR,,,,santi,,,,,,,,,,,,,,,,,ybs tidak faham tagihan,jb,ybs hanya mau bayar 1 bulan dulu mau ke kantor saja. sisa bayar tgl 20 juli 2026,,,,,,,,,,,,14/07/2026,,
,,,131431101595,jenal,2,WITEL PRIANGAN TIMUR,,,,santi,,,,,,,,,,,,,,,,,dana belum cair,jb,akan bayar dan lanjut berlangganan,,,,,,,,,,,,15/07/2026,,
,,,131431125087,aditia,2,WITEL PRIANGAN TIMUR,,,,Ida Herlina,,,,,,,,,,,,,,,,,bayar,,minta proses DO modem masih di pelanggan,,,,,,,,,,,,15/07/2026,,
,,,131431126678,,2,WITEL PRIANGAN TIMUR,,,,santi,,,,,,,,,,,,,,,,,bayar lunas,bayar,lanjut berlangganan,,,,,,,,,,,,15/07/2026,,
,,,131431123824,anwar,2,WITEL PRIANGAN TIMUR,,,,santi,,,,,,,,,,,,,,,,,ybs merasa sudah cabut dari 2025 tidak merasa pakai,,tidak ketemu,,,,,,,,,,,,15/07/2026,,
,,,131431121728,ane,2,WITEL PRIANGAN TIMUR,,,,santi,,,,,,,,,,,,,,,,,belum ada dana,jb,akan bayar,,,,,,,,,,,,15/07/2026,,
,,,131441107840,irfan,2,WITEL PRIANGAN TIMUR,,,,santi,,,,,,,,,,,,,,,,,akan bayar,jb,,,,,,,,,,,,,16/07/2026,,
,,,131441106583,holipah / yogi,2,WITEL PRIANGAN TIMUR,,,,santi,,,,,,,,,,,,,,,,,ybs ibu holipah hanya meminjamkan ktp saja untuk bisnis wifi riseler a.n yogi. Pelanggan yogi mau bayar ke telkom di tasik saja,jb,contacted,,,,,,,,,,,,16/07/2026,,
,,,131441107680,,2,WITEL PRIANGAN TIMUR,,,,santi,,,,,,,,,,,,,,,,,bayar,sudah bayar,,,,,,,,,,,,,16/07/2026,,
,,,131429115818,MA al istiqomah rajadesa,2,WITEL PRIANGAN TIMUR,,,,sayus.s,,,,,,,,,,,,,,,,,contacted,janji byr,janji mau bayar lunas.,,,,,,,,,,,,17/07/2026,,
,,,131429112009,kios pupuk harun,2,WITEL PRIANGAN TIMUR,,,,sayus.s,,,,,,,,,,,,,,,,,contacted,janji bayar,mau di konfirmasi ke bapaknya ..yg punya toko ..sekarang toko sama anaknya,,,,,,,,,,,,17/07/2026,,
,,,131428126768,Kedai Barokah,2,WITEL PRIANGAN TIMUR,,,,Yayat,,,,,,,,,,,,,,,,,contacted,Janji bayar/blm ada uang,,,,,,,,,,,,,18/07/2026,,
,,,131439107361,SDN 1 Sagalaherang,2,WITEL PRIANGAN TIMUR,,,,Yayat,,,,,,,,,,,,,,,,,contacted,Janji bayar nunggu Anggaran Dana Bos,,,,,,,,,,,,,18/07/2026,,
,,,131430108103,,2,WITEL PRIANGAN TIMUR,,,,Yayat,,,,,,,,,,,,,,,,,contacted,Janji bayar,,,,,,,,,,,,,18/07/2026,,
,,,131428101380,MTs AL-Barkah,2,WITEL PRIANGAN TIMUR,,,,Yayat,,,,,,,,,,,,,,,,,contacted,Janji bayar nuggu dana Boss,,,,,,,,,,,,,18/07/2026,,
,,,131439105869,Gema Komputer,2,WITEL PRIANGAN TIMUR,,,,Yayat,,,,,,,,,,,,,,,,,contacted,Janji bayar/blm ada anggaran,,,,,,,,,,,,,18/07/2026,,
,,,131439108323,Praktek Dr. Suni,2,WITEL PRIANGAN TIMUR,,,,Yayat,,,,,,,,,,,,,,,,,contacted,Janji bayar,,,,,,,,,,,,,18/07/2026,,
,,,02652733142,Bjb kcp cimaragas,2,WITEL PRIANGAN TIMUR,,,,sayus.s,,,,,,,,,,,,,,,,,contacted,blm byr,surat di terima satpam .,,,,,,,,,,,,18/07/2026,,
,,,131439108323,Praktek Dr. Suni,2,WITEL PRIANGAN TIMUR,,,,Yayat,,,,,,,,,,,,,,,,,contacted,sudah mengajukan pencabutan lewat Aplikasi cuman katanya blm ada respon Mohon minta di hubungi pelangganya mau prosen CAps,,,,,,,,,,,,,18/07/2026,,
,,,131429106770,Bjb kcp cimaragas,2,WITEL PRIANGAN TIMUR,,,,sayus.s,,,,,,,,,,,,,,,,,contacted,blm byr,surat di terima satpam ..disampaikan ke atasan,,,,,,,,,,,,18/07/2026,,
,,,131429110676,Bjb kcp cisaga,2,WITEL PRIANGAN TIMUR,,,,sayus.s,,,,,,,,,,,,,,,,,contacted,blm byr,surat di terima satpam di teruskan ke atasan,,,,,,,,,,,,18/07/2026,,
,,,02652730856,Bjb kcp cisaga,2,WITEL PRIANGAN TIMUR,,,,sayus.s,,,,,,,,,,,,,,,,,contacted,blm byr,di terima satpam di tetuskan ke kepala,,,,,,,,,,,,18/07/2026,,
,,,131429116660,sppg sukamukti,2,WITEL PRIANGAN TIMUR,,,,sayus.s,,,,,,,,,,,,,,,,,contacted,janji byr,surat di terima satpam di teruskan ke kepala..,,,,,,,,,,,,18/07/2026,,
,,,131429107482,poetra priangan safety,2,WITEL PRIANGAN TIMUR,,,,sayus.s,,,,,,,,,,,,,,,,,contscted,janji byr,surat di terima istrinya ..,,,,,,,,,,,,18/07/2026,,
,,,131433104764,balai penyuluhan kb kec.pamarican,2,WITEL PRIANGAN TIMUR,,,,sayus.s,,,,,,,,,,,,,,,,,contacted,jnji byr,surat di terima ibu bpd...kantor tutup senin mau di berikan..,,,,,,,,,,,,18/07/2026,,
,,,131429115137,Rakha bintang utama,2,WITEL PRIANGAN TIMUR,,,,sayus.s,,,,,,,,,,,,,,,,,contacted,janji byr,mau di infokan ke bapaknya..,,,,,,,,,,,,18/07/2026,,
,,,131429111919,ndra collections,2,WITEL PRIANGAN TIMUR,,,,sayus.s,,,,,,,,,,,,,,,,,contacted,janji byr,di terima bp.nya diteruskan ke anaknya .,,,,,,,,,,,,18/07/2026,,
,,,131429116014,widia cell,2,WITEL PRIANGAN TIMUR,,,,sayus.s,,,,,,,,,,,,,,,,,contacted,cabut layanan,surat di terima anaknya.janji bp.nya.hari senin mau ke plasa pengajuan cabut sama byr serta menyerahkan modem.,,,,,,,,,,,,18/07/2026,,
,,,131429110043,abdurrauf kandang,2,WITEL PRIANGAN TIMUR,,,,sayus.s,,,,,,,,,,,,,,,,,contacted,janji byr,surat di terima anaknya ..,,,,,,,,,,,,18/07/2026,,
,,,131429107626,palm coffee,2,WITEL PRIANGAN TIMUR,,,,sayus.s,,,,,,,,,,,,,,,,,contacted,cabut layanan,rumahnya ganti pemilik ..surat di terima pemilik baru udah padang operator lain..surat mau di berikan ke pemilik lama ..agar bayar tunggakan,,,,,,,,,,,,18/07/2026,,
,,,131429108204,pt dhecyber flow indonesia,2,WITEL PRIANGAN TIMUR,,,,sayus.s,,,,,,,,,,,,,,,,,contacted,blm byr,janji bayar secepatnya..di hubungi via telpon..,,,,,,,,,,,,18/07/2026,,
,,,131429115376,mam all shop,2,WITEL PRIANGAN TIMUR,,,,sayus.s,,,,,,,,,,,,,,,,,contacted,janji byr,mau ke plasa pengajuan cabut . Sekalian bawa modem ..dan bayar tunggakan..,,,,,,,,,,,,19/07/2026,,
,,,131431120132,pak wahyu,2,WITEL PRIANGAN TIMUR,,,,santi,,,,,,,,,,,,,,,,,dana belum cair,jb,contacted,,,,,,,,,,,,20/07/2026,,
,,,131431127668,,2,WITEL PRIANGAN TIMUR,,,,santi,,,,,,,,,,,,,,,,,bertemu supir nanti sore masuknya akan disampaikan dulu,,contacted,,,,,,,,,,,,20/07/2026,,
,,,0265312059,SMKN 4 Tasikmalaya,2,WITEL PRIANGAN TIMUR,,,,Wahyu Mulyadi,,,,,,,,,,,,,,,,,belum bayar,JB konfirmasi dengan kepala sekolah,,,,,,,,,,,,,20/07/2026,,
,,,131427138588,BPR Arta Sukapura,2,WITEL PRIANGAN TIMUR,,,,Wahyu Mulyadi,,,,,,,,,,,,,,,,,belum bayar,Lokasi Tutup,,,,,,,,,,,,,20/07/2026,,
,,,131427161800,PT. Anyar Retail Indonesia,2,WITEL PRIANGAN TIMUR,,,,Wahyu Mulyadi,,,,,,,,,,,,,,,,,belum bayar,JB konfirmasi dengan kantor pusat,,,,,,,,,,,,,20/07/2026,,
,,,131427189154,PT. Qini Mart Ritel Idrissiyah,2,WITEL PRIANGAN TIMUR,,,,Wahyu Mulyadi,,,,,,,,,,,,,,,,,belum bayar,Sudah mengajukan berhenti berlangganan ke sales,,,,,,,,,,,,,22/07/2026,,
,,,131427190241,Mini ATM Toko Dewi,2,WITEL PRIANGAN TIMUR,,,,Wahyu Mulyadi,,,,,,,,,,,,,,,,,belum bayar,JB max. Tanggal 30 Juli 2026,,,,,,,,,,,,,23/07/2026,,
,,,131428114852,Arif Munandar Ols,2,WITEL PRIANGAN TIMUR,,,,Yayat,,,,,,,,,,,,,,,,,,tdk bertemu pelanggan,Pelagan sudah pinndak kontrakannya toko sudah beda kepemiikan,,,,,,,,,,,,28/07/2026,,
,,,131439108180,Gema Komputet,2,WITEL PRIANGAN TIMUR,,,,Yayat,,,,,,,,,,,,,,,,,Janji bayar Awal bulan minta keringanan bayar,contctd,Janji bayar Awal bulan mau CAPS,,,,,,,,,,,,28/07/2026,,
,,,131439108103,Sppg Mutiara Tanjungjaya 2,2,WITEL PRIANGAN TIMUR,,,,Yayat,,,,,,,,,,,,,,,,,Janji bayar Awal,contctd,Bayar Lunas Lanjut,,,,,,,,,,,,29/07/2026,,
,,,131428126323,Warung Barokah,2,WITEL PRIANGAN TIMUR,,,,Yayat,,,,,,,,,,,,,,,,,Bayar Lunas Lanjut,contacted,Bayar Lunas Lanjut,,,,,,,,,,,,03/08/2026,,
,,,131427176558,Mukena Mahkota786,2,WITEL PRIANGAN TIMUR,,,,Agnes prawesti,,,,,,,,,,,,,,,,,bersedia bayar,minta cabut layanan krna sudah pindah provider ke myrep,,,,,,,,,,,,,03/08/2026,,
,,,131427191958,anyar kamera,2,WITEL PRIANGAN TIMUR,,,,Merin meriani,,,,,,,,,,,,,,,,,bersedia bayar 1bln mau d usahakan krna usahanya sudh tdk jalan,,,,,,,,,,,,,,03/08/2026,,
,,,131441105875,ade herman,2,WITEL PRIANGAN TIMUR,,,,santi,,,,,,,,,,,,,,,,,akan bayar nanti usaha sepi,jb,contacted,,,,,,,,,,,,04/08/2026,,
,,,131439106431,Kantor Desa Kawali Mukti,2,WITEL PRIANGAN TIMUR,,,,Yayat,,,,,,,,,,,,,,,,,Janji bayar segera,contctd,Janji bayar,,,,,,,,,,,,04/08/2026,,
,,,131433120803,smk al manar,2,WITEL PRIANGAN TIMUR,,,,sayus.s,,,,,,,,,,,,,,,,,contacted,janji bayar,surat di terima staf tu ..di teruskan ke ibu kepala sekolah.janji bayar secepatnya..,,,,,,,,,,,,04/08/2026,,
,,,131439109710,Mopio Vision,2,WITEL PRIANGAN TIMUR,,,,Yayat,,,,,,,,,,,,,,,,,,tdk bertemu pelanggan Surat sudah di sampaikan ysb blm respon,sudah di telpon tdk mau angkat,,,,,,,,,,,,04/08/2026,,
,,,131439105288,Aulia Shop,2,WITEL PRIANGAN TIMUR,,,,Yayat,,,,,,,,,,,,,,,,,,Surat sudah di sampaikan ysb janji bayar 1 bulan dan ajukan jabu ysb pindah Luar kota.,,,,,,,,,,,,,04/08/2026,,
,,,02657605606,MAN 1 Darussalam,2,WITEL PRIANGAN TIMUR,,,,Yayat,,,,,,,,,,,,,,,,,,contacted,02657605606 nomor tersebut sudah di ajukan cabut beberapa waktu Lalu... sudah caps.,,,,,,,,,,,,04/08/2026,,
,,,131433103179,smk n 1 padaherang line 1,2,WITEL PRIANGAN TIMUR,,,,sayus.s,,,,,,,,,,,,,,,,,contacted,blm bayr,surat di terima satpam .di teruskan ke bagian keuangan..,,,,,,,,,,,,04/08/2026,,
,,,131433103185,smk n 1 padaherang line 2,2,WITEL PRIANGAN TIMUR,,,,sayus.s,,,,,,,,,,,,,,,,,contacted,blm bayar,surat di terima satpam di teruskan ke bagian keuangan.,,,,,,,,,,,,04/08/2026,,
,,,131433102868,smk n 1 padaherang line2,2,WITEL PRIANGAN TIMUR,,,,sayus.s,,,,,,,,,,,,,,,,,contacted,blm bayar,surat diterima satpam di terusken ke bagian bendahara,,,,,,,,,,,,04/08/2026,,
,,,131433102869,smk n 1 padaherang line4,2,WITEL PRIANGAN TIMUR,,,,sayus.s,,,,,,,,,,,,,,,,,contacted,blm bayar,surat di terima satpam di teruskan ke bagian keuangan.,,,,,,,,,,,,04/08/2026,,
,,,131433102966,smk n 1 padaherang line 5,2,WITEL PRIANGAN TIMUR,,,,sayus.s,,,,,,,,,,,,,,,,,contacted,blm bayar,surat di terima satpam di teruskan ke bagian keungan.,,,,,,,,,,,,04/08/2026,,
,,,131439106468,Toko Ibu Kokom,2,WITEL PRIANGAN TIMUR,,,,Yayat,,,,,,,,,,,,,,,,,blm bayar,contctd,ysb masih terkendala keuangan,,,,,,,,,,,,04/08/2026,,
,,,131433103425,ruang pplg / smk n 1 padaherang,2,WITEL PRIANGAN TIMUR,,,,sayus.s,,,,,,,,,,,,,,,,,contacted,blm bayar7,surat di terima sapam di teruskan ke bagian keuangan,,,,,,,,,,,,04/08/2026,,
,,,131429112253,budidaya ikan p.aan,2,WITEL PRIANGAN TIMUR,,,,sayus.s,,,,,,,,,,,,,,,,,contacted,janji bayar,janji bayar secepatnya,,,,,,,,,,,,04/08/2026,,
,,,131429107333,Toko Adam,2,WITEL PRIANGAN TIMUR,,,,sayus.s,,,,,,,,,,,,,,,,,contacted,cabut layanan,"pelanggan janji mau ke grapari hari sabru mau cabut ,bayar tunggakan untuk juli dan membawa modem.nya",,,,,,,,,,,,04/08/2026,,
,,,02657485600,Toko Adam,2,WITEL PRIANGAN TIMUR,,,,sayus.s,,,,,,,,,,,,,,,,,contacted,cabut layanan,janji byr mau ke grapari sabtu ..,,,,,,,,,,,,04/08/2026,,
,,,131433121014,santi sundari,2,WITEL PRIANGAN TIMUR,,,,sayus.s,,,,,,,,,,,,,,,,,contactrd,janji bayr,di telepon lewat wa nyambung janji bayar secepatnya.,,,,,,,,,,,,04/08/2026,,
,,,131429115659,kios kelapa kurnia,2,WITEL PRIANGAN TIMUR,,,,sayus.s,,,,,,,,,,,,,,,,,contacted,janji byr,mau di sampaikan ke suaminya ..,,,,,,,,,,,,04/08/2026,,
,,,131232121333,Ibu Mira,2,WITEL PRIANGAN TIMUR,,,,Novi,,,,,,,,,,,,,,,,,CONTACTED,bertemu YBS,"bayar 1 bulan, untuk agustus akan dibayar tgl 20",,,,,,,,,,,,04/08/2026,,
,,,131429107629,Toko Yanti,2,WITEL PRIANGAN TIMUR,,,,sayus.s,,,,,,,,,,,,,,,,,contacted,cabut,pelanggan meninggal dunia tokonya di jual ke oranglain..udah pasang baru lagi indihome..di tanya nomer indihome barunya nggak ngasih.perangkat di bawa sama tehnisi katanya..,,,,,,,,,,,,04/08/2026,,
,,,131429115826,WR Desa STM situmandala,2,WITEL PRIANGAN TIMUR,,,,sayus.s,,,,,,,,,,,,,,,,,contacted,janji bayar,janji bayar secepatnya,,,,,,,,,,,,04/08/2026,,
,,,131441105091,qinan,2,WITEL PRIANGAN TIMUR,,,,santi,,,,,,,,,,,,,,,,,ybs tidak faham skema tagihan. Musyawarah dulu,PDK,contacted,,,,,,,,,,,,04/08/2026,,
,,,131441105361,,2,WITEL PRIANGAN TIMUR,,,,santi,,,,,,,,,,,,,,,,,alamat belum ketemu,,notcacted,,,,,,,,,,,,04/08/2026,,
,,,131427174777,Ibu Eli,2,WITEL PRIANGAN TIMUR,,,,TATANG,,,,,,,,,,,,,,,,,Contacted,FINANCE,"Terkendala dana BOS belum cair, pembayaran tidak bisa segera",,,,,,,,,,,,04/08/2026,,
,,,131427177804,Ibu Ira,2,WITEL PRIANGAN TIMUR,,,,TATANG,,,,,,,,,,,,,,,,,Contacted,LAINNYA,diinfokan dulu ke keuangan,,,,,,,,,,,,04/08/2026,,
,,,131427141789,ABDILLAH,2,WITEL PRIANGAN TIMUR,,,,TATANG,,,,,,,,,,,,,,,,,Contacted,LAINNYA,Akan diinfokan ke bendahara,,,,,,,,,,,,04/08/2026,,
,,,131441105753,,2,WITEL PRIANGAN TIMUR,,,,santi,,,,,,,,,,,,,,,,,ybs tidak faham skema tagihan. Diedukasi proses cabut resmi,PDK,Contacted,,,,,,,,,,,,04/08/2026,,
,,,131427134279,Cepi Julio,2,WITEL PRIANGAN TIMUR,,,,TATANG,,,,,,,,,,,,,,,,,Contacted,LAINNYA,"Bertemu dengan Ybs, layanan akan diputus ke Kantor Telkom karena sudah tidak digunakan",,,,,,,,,,,,04/08/2026,,
,,,131427134279,Cepi Julio,2,WITEL PRIANGAN TIMUR,,,,TATANG,,,,,,,,,,,,,,,,,Contacted,LAINNYA,"Bertemu dengan Ybs, layanan akan diputus ke Kantor Telkom karena sudah tidak digunakan",,,,,,,,,,,,04/08/2026,,
,,,131427134279,Cepi Julio,2,WITEL PRIANGAN TIMUR,,,,TATANG,,,,,,,,,,,,,,,,,Contacted,LAINNYA,"Bertemu dengan Ybs, layanan akan diputus ke Kantor Telkom karena sudah tidak digunakan",,,,,,,,,,,,04/08/2026,,
,,,131427179212,Ibu Ismi,2,WITEL PRIANGAN TIMUR,,,,TATANG,,,,,,,,,,,,,,,,,Contacted,FINANCE,"Terkendala dana BOS belum cair, pembayaran tidak bisa segera paling pertengahan bulan / akhir bulan Agustus",,,,,,,,,,,,04/08/2026,,
,,,131427155703,Bapak Mumu,2,WITEL PRIANGAN TIMUR,,,,TATANG,,,,,,,,,,,,,,,,,Contacted,FINANCE,"Terkendala dana BOS belum cair, pembayaran tidak bisa segera",,,,,,,,,,,,04/08/2026,,
,,,131232182229,Defi,2,WITEL PRIANGAN TIMUR,,,,NOVI,,,,,,,,,,,,,,,,,Contacted,sudah cabut APS,Pelanggan sudah pengajuan cabut karena usaha tutup,,,,,,,,,,,,04/08/2026,,
,,,131232122545,Rizal,2,WITEL PRIANGAN TIMUR,,,,NOVI,,,,,,,,,,,,,,,,,Contacted,bertemu YBS,"pelanggan sudah pengajuan isolir aps karena usaha tutup, terkait tagihan akan disampaikan ke management",,,,,,,,,,,,04/08/2026,,
,,,131232170387,,2,WITEL PRIANGAN TIMUR,,,,NOVI,,,,,,,,,,,,,,,,,UnContacted,Alamat tidak ditemukan,"alamat tidak ditemukan, akan di fu melalui wa",,,,,,,,,,,,04/08/2026,,
,,,131232184745,,2,WITEL PRIANGAN TIMUR,,,,NOVI,,,,,,,,,,,,,,,,,Contacted,bukan  YBS,"bertemu pegawai, surat tagihan sudah dititipkan",,,,,,,,,,,,04/08/2026,,
,,,131232178235,Luki,2,WITEL PRIANGAN TIMUR,,,,Novi,,,,,,,,,,,,,,,,,CONTACTED,Pelanggan Janji Bayar,"menunggu dana bos, tidak dapat dibayarkan tgl 5",,,,,,,,,,,,04/08/2026,,
,,,131232178234,Luki,2,WITEL PRIANGAN TIMUR,,,,Novi,,,,,,,,,,,,,,,,,CONTACTED,Pelanggan Janji Bayar,"menunggu dana bos, tidak dapat dibayarkan tgl 5",,,,,,,,,,,,04/08/2026,,
,,,131232185103,Vina,2,WITEL PRIANGAN TIMUR,,,,NOVI,,,,,,,,,,,,,,,,,Contacted,bertemu YBS,"sisa tagihan bupot, bupot akan diinfokan tgl 20 di bulan berikutnya",,,,,,,,,,,,04/08/2026,,
,,,131232185102,Vina,2,WITEL PRIANGAN TIMUR,,,,NOVI,,,,,,,,,,,,,,,,,Contacted,bertemu YBS,"sisa tagihan bupot, bupot akan diinfokan tgl 20 di bulan berikutnya",,,,,,,,,,,,04/08/2026,,
,,,131245124944,Vina,2,WITEL PRIANGAN TIMUR,,,,NOVI,,,,,,,,,,,,,,,,,Contacted,bertemu YBS,"sisa tagihan bupot, bupot akan diinfokan tgl 20 di bulan berikutnya",,,,,,,,,,,,04/08/2026,,
,,,131441107970,,2,WITEL PRIANGAN TIMUR,,,,santi,,,,,,,,,,,,,,,,,akan bayar hari ini,jb,contacted,,,,,,,,,,,,05/08/2026,,
,,,131440110770,abdul,2,WITEL PRIANGAN TIMUR,,,,santi,,,,,,,,,,,,,,,,,akan disampaikan dulu yang berhubungan masih di rumah,,contacted,,,,,,,,,,,,05/08/2026,,
,,,131429113346,sdn 2 muktisari,2,WITEL PRIANGAN TIMUR,,,,sayus.s,,,,,,,,,,,,,,,,,contacted,blm byr,surat di terima bagian tu ..di teruskan ke kep sekolah,,,,,,,,,,,,05/08/2026,,
,,,131429102029,sd n 4 muktisari,2,WITEL PRIANGAN TIMUR,,,,sayus.s,,,,,,,,,,,,,,,,,contacted,blm byr,surat di terima ..bagian tata usaha ..di teruskan ke kepala sekolan.,,,,,,,,,,,,05/08/2026,,
,,,131429106179,lestari cell,2,WITEL PRIANGAN TIMUR,,,,sayus.s,,,,,,,,,,,,,,,,,contacted,cabut,udah pernah ngajuin cabut ke plasa katanya di tolak ..modemnya juga masih ada di pelanggan.,,,,,,,,,,,,05/08/2026,,
,,,131429111723,MIO WICE BLEND,2,WITEL PRIANGAN TIMUR,,,,sayus.s,,,,,,,,,,,,,,,,,contacted,cabut,di suruh ke plasa ajukan cabut sama selesaikan tagihan..,,,,,,,,,,,,05/08/2026,,
,,,131429116379,Toko maju jaya lancar,2,WITEL PRIANGAN TIMUR,,,,sayus.s,,,,,,,,,,,,,,,,,contacted,janji bayar,janji bayar secepatnya..,,,,,,,,,,,,05/08/2026,,
,,,0265741822,PT.Herona exspress,2,WITEL PRIANGAN TIMUR,,,,sayus.s,,,,,,,,,,,,,,,,,kantor tutup,kantor tutup,udah 2 bulan kantor tutup ..langsung ke tasik untuk pengiriman barangnya..infonya..,,,,,,,,,,,,05/08/2026,,
,,,131429111745,toko nining ucin,2,WITEL PRIANGAN TIMUR,,,,sayus.s,,,,,,,,,,,,,,,,,contacted,janji bayar,janji bayar secepatnya..,,,,,,,,,,,,05/08/2026,,
,,,131429114826,Toko sepeda listrik,2,WITEL PRIANGAN TIMUR,,,,sayus.s,,,,,,,,,,,,,,,,,contacted,janji bayar,janji bayar paling lambat akhir bulan.,,,,,,,,,,,,05/08/2026,,
,,,131429114242,warung indra dikar,2,WITEL PRIANGAN TIMUR,,,,sayus.s,,,,,,,,,,,,,,,,,contacted,janji bayar,janji bayar secepatnya..paling lambat di akhir bulan..,,,,,,,,,,,,05/08/2026,,
,,,131428113196,Juniap Tendy,2,WITEL PRIANGAN TIMUR,,,,Yayat,,,,,,,,,,,,,,,,,Janji bayar,contctd,Janji bayar bosnya lagi di luar kota,,,,,,,,,,,,05/08/2026,,
,,,131428127845,Bengkel Motor 2 Cibitung,2,WITEL PRIANGAN TIMUR,,,,Yayat,,,,,,,,,,,,,,,,,Janji bayar,contctd,Janji bayar mau konpirmasi sama bosnya,,,,,,,,,,,,05/08/2026,,
,,,131428114686,SMPN 7 Ciamis,2,WITEL PRIANGAN TIMUR,,,,Yayat,,,,,,,,,,,,,,,,,Janji bayar,contctd,Janji bayar dan Ajukan cabut sudah ada Internet Lain,,,,,,,,,,,,05/08/2026,,
,,,131428116725,Mobil 3L,2,WITEL PRIANGAN TIMUR,,,,Yayat,,,,,,,,,,,,,,,,,,blm ketemu,perum surung dayung B-102 bukan rumah ysb blm ketemu,,,,,,,,,,,,05/08/2026,,
,,,131429114163,DRT BEAUTY,2,WITEL PRIANGAN TIMUR,,,,sayus.s,,,,,,,,,,,,,,,,,rukos,rukos,tempat di tutup karena ada masalah dengan warga setempat..,,,,,,,,,,,,05/08/2026,,
,,,131429115648,toko bumel,2,WITEL PRIANGAN TIMUR,,,,sayus.s,,,,,,,,,,,,,,,,,rukos,toko tutup,toko tutup ..rumahnya kosong,,,,,,,,,,,,05/08/2026,,